Polling Booth Number,Polling Booth Name,Winner- 2019,Margin %,Margin,Total Voters,BJP- Votes,BJP- % votes,INC- Votes,INC- % Votes,Adv. Chandrashekar Dongre,Topale Rupachand,Rahul Parasanji Tayde,Sanjay Ambadas Wankhede,Avinash Suresh Badhiye,Deepak M. Madavi,Dilip Shamraoji Potfode,Vilas Vinayakrao Kailuke,NOTA,No of Votes got by 3rd parties,BJP booth strength,INC booth strength
1,Wadala,INC,4.819277108,24,498,225,45.18072289,249,50,6,4,0,2,0,5,1,0,6,18,WEAK,MODERATE
2,Vardhapur,BJP,7.294117647,31,425,221,52,190,44.70588235,4,4,0,0,0,4,0,0,2,12,MODERATE,WEAK
3,Sattarapur,INC,9.219858156,26,282,122,43.26241135,148,52.4822695,2,4,0,0,1,3,1,0,1,11,WEAK,MODERATE
4,Pilapur,BJP,7.333333333,33,450,236,52.44444444,203,45.11111111,1,4,1,1,0,2,1,0,1,10,MODERATE,WEAK
5,Belora (bu ),BJP,5.779569892,43,744,357,47.98387097,314,42.20430108,6,58,0,0,1,2,0,1,5,68,WEAK,WEAK
6,Khambit,BJP,12.30031949,77,626,334,53.35463259,257,41.0543131,5,16,0,0,1,5,1,0,7,28,MODERATE,WEAK
7,"zilha parishad primary school, Borgaon (Tu)",INC,15.02782931,81,539,212,39.33209647,293,54.35992579,6,1,1,0,1,11,7,0,7,27,WEAK,MODERATE
8,Borgaon (tu.),INC,8.864696734,57,643,287,44.63452566,344,53.4992224,4,6,0,0,0,0,0,1,1,11,WEAK,MODERATE
9,Drugavada,BJP,13.98514851,113,808,435,53.83663366,322,39.85148515,25,17,1,0,0,3,0,0,5,46,MODERATE,WEAK
10,Tarasanvaga Booth J. P. Uchch Prathamik Shala,BJP,11.4,57,500,271,54.2,214,42.8,6,0,1,0,0,2,3,0,3,12,MODERATE,WEAK
11,Tarasanvaga Booth J. P. Uchch Prathamik Shala old Building,BJP,16.55629139,75,453,239,52.7593819,164,36.20309051,28,5,0,0,0,2,14,0,1,49,MODERATE,WEAK
12,Sahur Booth J P Prathamik Shala Sahur Uttarekadil Bhag,BJP,14.41677588,110,763,396,51.90039318,286,37.4836173,19,11,0,0,0,43,2,0,6,75,MODERATE,WEAK
13,Sahur Booth J P Prathamik Shala Sahur Kha Kr. 2 Dakshinekadil,BJP,42.49084249,116,273,189,69.23076923,73,26.73992674,5,1,0,0,0,3,0,0,2,9,MODERATE,WEAK
14,Sahur Booth Z.P. Pri. School,BJP,16.24548736,90,554,317,57.22021661,227,40.97472924,2,3,0,0,0,2,0,0,3,7,MODERATE,WEAK
15,Sahur Booth Dnyaneshwari Junior Highschool,BJP,3.024911032,17,562,283,50.35587189,266,47.33096085,5,0,0,0,0,4,0,0,4,9,MODERATE,WEAK
16,Sanvanga (purn ),BJP,4.109589041,18,438,205,46.80365297,187,42.69406393,5,5,1,3,0,28,1,1,2,44,WEAK,WEAK
17,Poragavhan,BJP,3.442028986,19,552,247,44.74637681,228,41.30434783,13,23,2,0,0,35,2,0,2,75,WEAK,WEAK
18,Panchala,BJP,23.65591398,66,279,166,59.49820789,100,35.84229391,1,4,0,1,2,3,0,0,2,11,MODERATE,WEAK
19,Delvadi Booth J P Uchch Prath Shala,INC,2.093397746,13,621,290,46.69887279,303,48.79227053,6,5,1,2,0,0,13,0,1,27,WEAK,WEAK
20,Delvadi Booth Gram panchayat Karyalay,BJP,61.79775281,220,356,286,80.33707865,66,18.53932584,1,1,0,0,0,0,1,1,0,4,STRONG,WEAK
21,Jaulavadi,BJP,23.5443038,93,395,235,59.49367089,142,35.94936709,5,5,0,1,0,6,0,0,1,17,MODERATE,WEAK
22,Antora (juna ),BJP,1.109350238,7,631,308,48.81141046,301,47.70206022,0,20,0,0,0,0,0,0,2,20,WEAK,WEAK
23,Antora (navin ),BJP,4.187817259,33,788,394,50,361,45.81218274,6,17,0,0,1,3,2,1,3,30,MODERATE,WEAK
24,Lahan Arvi Booth J. P. Prath Shala,BJP,3.479576399,23,661,335,50.68078669,312,47.20121029,1,8,1,0,0,0,1,0,3,11,MODERATE,WEAK
25,Lahan Arvi Booth Grampanchayat Karyalay,BJP,17.79141104,116,652,375,57.51533742,259,39.72392638,1,6,0,0,0,1,3,1,6,12,MODERATE,WEAK
26,Jaitapur,BJP,11.08033241,40,361,194,53.73961219,154,42.65927978,2,1,0,0,0,4,4,0,2,11,MODERATE,WEAK
27,Dhadi Booth J . P. Prath Shala,BJP,6.359649123,29,456,225,49.34210526,196,42.98245614,3,17,2,2,0,11,0,0,0,35,WEAK,WEAK
28,Dhadi Booth J . P. Uchch Prath Shala,BJP,2.06185567,12,582,281,48.28178694,269,46.21993127,4,5,0,0,1,12,5,1,4,28,WEAK,WEAK
29,Manikavada J P Uchch Prath Shala Pashchimekadil Bhag ,BJP,3.973509934,30,755,377,49.93377483,347,45.9602649,14,2,1,0,0,12,1,0,1,30,WEAK,WEAK
30,Manikavada J P Uchch Prath Shala Navin Imarat,BJP,29.45301543,210,713,411,57.64375877,201,28.19074334,12,8,2,0,3,62,9,0,5,96,MODERATE,WEAK
31,Susundra,BJP,1.909307876,16,838,401,47.85202864,385,45.94272076,15,9,4,0,0,20,1,2,1,51,WEAK,WEAK
32,Moi,BJP,5.984042553,45,752,389,51.7287234,344,45.74468085,5,4,0,1,1,3,1,1,3,16,MODERATE,WEAK
33,Kinhi Abad,INC,3.084415584,19,616,240,38.96103896,259,42.04545455,10,7,1,0,1,94,1,2,1,116,WEAK,WEAK
34,Peth Ahamadapur Gram panchayat Karyalaya,BJP,2.635431918,18,683,325,47.58418741,307,44.94875549,10,20,1,1,1,2,1,1,14,37,WEAK,WEAK
35,Peth Ahamadapur K. Mallikarjun G. P. Prath. Shala,INC,11.92307692,93,780,331,42.43589744,424,54.35897436,1,6,0,0,0,9,1,0,8,17,WEAK,MODERATE
36,Kinnhala,BJP,3.327787022,20,601,290,48.25291181,270,44.92512479,12,8,0,12,1,5,0,0,3,38,WEAK,WEAK
37,Dalpatpur ,INC,4.01891253,17,423,166,39.24349882,183,43.26241135,11,25,1,27,1,2,0,6,1,73,WEAK,WEAK
38,Sirasoli,INC,6.650544135,55,827,379,45.82829504,434,52.47883918,5,2,0,2,0,0,0,1,4,10,WEAK,MODERATE
39,Khadaki Booth No1,BJP,16.66666667,77,462,259,56.06060606,182,39.39393939,7,11,0,0,1,0,0,0,2,19,MODERATE,WEAK
40,Khadaki Booth No2,BJP,15.85365854,65,410,223,54.3902439,158,38.53658537,10,13,1,1,0,0,0,0,4,25,MODERATE,WEAK
41,Parasoda,BJP,9.75975976,65,666,347,52.1021021,282,42.34234234,18,12,1,1,2,0,0,2,1,36,MODERATE,WEAK
42,Ashti Booth K. Gopalrao Vagh J. P. Prath. Shalabhag Imarat Kr,INC,7.022106632,54,769,338,43.95318596,392,50.97529259,2,4,1,2,4,5,10,1,10,29,WEAK,MODERATE
43,Ashti Booth K. Gopalrao Vagh J. P. Prath. Shalauttarekadil Bha,BJP,29.88235294,254,850,539,63.41176471,285,33.52941176,7,6,1,1,1,2,4,3,1,25,MODERATE,WEAK
44,Ashti Booth K. Gopalrao Vagh J. P. Prath. Shala dakshine Kadil,BJP,7.391304348,51,690,333,48.26086957,282,40.86956522,28,28,1,3,3,2,5,1,4,71,WEAK,WEAK
45,Ashti K. Indira Gandhi J. P. Prath. Shala (muli ),BJP,22.90076336,120,524,312,59.54198473,192,36.64122137,4,7,1,2,0,2,0,1,3,17,MODERATE,WEAK
46,Ashti K. Indira Gandhi J. P. Prath. Shala (muli ),BJP,15.03448276,109,725,396,54.62068966,287,39.5862069,9,3,0,1,0,11,13,0,5,37,MODERATE,WEAK
47,Ashti Shahid Rashid Khan J . P. Prath.,BJP,21.47335423,137,638,376,58.93416928,239,37.46081505,3,3,1,0,0,4,7,1,4,19,MODERATE,WEAK
48,Ashti Shahid Rashid Khan J . P. Prath.,BJP,14.2599278,79,554,307,55.41516245,228,41.15523466,2,2,0,0,0,10,0,0,5,14,MODERATE,WEAK
49,Narsingpur,BJP,33.2278481,105,316,205,64.87341772,100,31.64556962,2,5,0,2,0,1,1,0,0,11,MODERATE,WEAK
50,Ashti Mahatma Gandhi J. P. Prath. Juni Prath Shala Kr. 2,BJP,8.035714286,54,672,338,50.29761905,284,42.26190476,4,19,1,1,0,10,3,2,10,40,MODERATE,WEAK
51,Ashti Mahatma Gandhi J. P. Prath. Juni Prath Shala Kr. 2,BJP,2.541106129,17,669,331,49.47683109,314,46.93572496,3,6,0,0,0,6,5,0,4,20,WEAK,WEAK
52,Thar J. P. Uchch Prath. Shala Navin Imarat Dakshine,BJP,7.832898172,60,766,386,50.39164491,326,42.55874674,11,13,2,0,1,15,2,3,7,47,MODERATE,WEAK
53,Thar J. P. Prath. Shala,BJP,21.25813449,98,461,244,52.92841649,146,31.670282,2,1,0,3,0,61,0,0,4,67,MODERATE,WEAK
54,Belgaon,INC,0.718132855,4,557,263,47.21723519,267,47.93536804,8,4,1,0,0,8,3,0,3,24,WEAK,WEAK
55,Sawardoh,INC,12.57668712,82,652,233,35.73619632,315,48.31288344,14,2,1,0,0,77,1,1,8,96,WEAK,WEAK
56,Taroda J. P. Uchch Prath. Shala,INC,22.15288612,142,641,213,33.22932917,355,55.38221529,6,0,0,4,0,60,2,0,1,72,WEAK,MODERATE
57,Kakda,BJP,26.68500688,194,727,435,59.8349381,241,33.14993122,32,9,1,1,1,1,4,1,1,50,MODERATE,WEAK
58,Parasodi J. P. Uchch Prath. Shala,BJP,18.56,116,625,356,56.96,240,38.4,10,1,0,0,0,12,0,2,4,25,MODERATE,WEAK
59,Bihadi,BJP,36.95324284,245,663,437,65.91251885,192,28.95927602,4,0,0,0,0,19,7,0,4,30,MODERATE,WEAK
60,Vaghada,INC,5.324459235,32,601,278,46.2562396,310,51.58069884,5,2,0,0,0,0,1,1,4,9,WEAK,MODERATE
61,Nara J. P. Uchch Prath. Shala,INC,11.13956466,87,781,306,39.18053777,393,50.32010243,36,6,0,2,0,27,1,2,8,74,WEAK,MODERATE
62,Nara Grapanchayat Karyalay,BJP,10.22222222,69,675,331,49.03703704,262,38.81481481,38,24,1,0,0,6,1,2,10,72,WEAK,WEAK
63,Ajanadevi,INC,10.1635514,87,856,370,43.22429907,457,53.38785047,5,8,0,0,0,7,0,2,7,22,WEAK,MODERATE
64,Paradi J. P. Prath. Shala Paradi (heti ) Kho. Kr. 1,INC,7.954545455,42,528,226,42.8030303,268,50.75757576,2,5,1,1,0,17,1,1,6,28,WEAK,MODERATE
65,Paradi J. P. Prath. Shala Paradi (heti ) Kho. Kr. 4,BJP,5.305466238,33,622,296,47.58842444,263,42.2829582,11,7,0,0,3,33,0,3,6,57,WEAK,WEAK
66,Paradi J. P. Prath. Shala Paradi (heti ) Kho. Kr. 2,BJP,10.10273973,59,584,307,52.56849315,248,42.46575342,11,8,1,1,0,0,3,1,4,25,MODERATE,WEAK
67,Botona,BJP,1.822916667,14,768,377,49.08854167,363,47.265625,2,17,1,6,0,1,0,0,1,27,WEAK,WEAK
68,Babanrda,BJP,4.487179487,14,312,154,49.35897436,140,44.87179487,2,1,0,1,0,8,3,1,2,16,WEAK,WEAK
69,Sirakutani,INC,0.667779633,4,599,256,42.73789649,260,43.40567613,13,4,0,1,0,59,3,1,2,81,WEAK,WEAK
70,Sujatapur,BJP,28.82562278,81,281,156,55.51601423,75,26.69039146,4,6,0,1,1,34,2,1,1,49,MODERATE,WEAK
71,Tekoda,BJP,16.89189189,125,740,400,54.05405405,275,37.16216216,2,57,1,0,0,3,0,0,2,63,MODERATE,WEAK
72,Bharasvada Z.P.High Primary School (Boys),BJP,9.400544959,69,734,385,52.45231608,316,43.05177112,1,4,0,0,0,23,1,1,3,30,MODERATE,WEAK
73,Bharasvada J. P. Uchch Prath. Shala,BJP,8.136094675,55,676,349,51.62721893,294,43.49112426,4,12,0,1,0,12,2,0,2,31,MODERATE,WEAK
74,Bhishnur,INC,7.852760736,64,815,359,44.04907975,423,51.90184049,17,13,0,0,0,0,0,1,2,31,WEAK,MODERATE
75,Ramdara Grapanchayat Karyalay Taleganv,BJP,15.32258065,76,496,269,54.23387097,193,38.91129032,5,4,2,0,1,13,4,1,4,30,MODERATE,WEAK
76,Ramdara Gra. Pan. Karyalay Vachanalay,BJP,0.299401198,1,334,154,46.10778443,153,45.80838323,7,5,1,4,0,2,2,1,5,22,WEAK,WEAK
77,Ramdara J. P. Prath. Shalataleganv,INC,2.070393375,10,483,206,42.65010352,216,44.72049689,3,0,2,2,1,43,0,1,4,52,WEAK,WEAK
78,Ramdara J. P. Prath. Urdu Shala,INC,13.68078176,42,307,125,40.71661238,167,54.39739414,0,1,1,7,0,8,0,0,3,17,WEAK,MODERATE
79,Ramdara J. P. Prath. Shalaramadara (purnavasan ),BJP,16.12903226,105,651,357,54.83870968,252,38.70967742,8,10,0,2,1,12,0,0,4,33,MODERATE,WEAK
80,Talegaon Booth No1,INC,0.139470014,1,717,332,46.30404463,333,46.44351464,13,12,0,7,1,9,5,2,8,49,WEAK,WEAK
81,Ramdara J. P. Prath. Shala Navin Ramadara Purnavasan,INC,5.364806867,25,466,174,37.33905579,199,42.70386266,40,13,0,3,1,25,4,2,5,88,WEAK,WEAK
82,Ramdara J. P. Prath. Shala Shiri Ramadara Pashchimekadil,INC,3.416149068,11,322,139,43.16770186,150,46.58385093,5,4,2,1,0,15,3,1,2,31,WEAK,WEAK
83,Talegaon Booth No2,BJP,20.15267176,132,655,377,57.55725191,245,37.40458015,5,6,0,13,1,0,0,0,8,25,MODERATE,WEAK
84,Ramdara K. Pandurangji Ingle J. P. Prath. Shala . Talegav,BJP,3.344481605,20,598,268,44.81605351,248,41.47157191,29,31,1,11,2,2,1,2,3,79,WEAK,WEAK
85,Ramdara J. P. Prath. Kendr. Shala . Talegav,INC,7.079646018,24,339,142,41.8879056,166,48.96755162,6,7,1,2,0,10,4,1,0,31,WEAK,WEAK
86,SARWADI,BJP,5.436573311,33,607,297,48.9291598,264,43.49258649,4,6,0,0,2,17,6,1,10,36,WEAK,WEAK
87,Sarvadi,BJP,11.08108108,41,370,199,53.78378378,158,42.7027027,2,1,0,0,0,6,2,0,2,11,MODERATE,WEAK
88,Devavadi,INC,9.336609337,38,407,173,42.50614251,211,51.84275184,1,6,1,2,0,11,1,0,1,22,WEAK,MODERATE
89,Ekamba,BJP,5.479452055,40,730,362,49.5890411,322,44.10958904,7,19,0,1,1,2,0,2,14,32,WEAK,WEAK
90,Savali (bu ),BJP,12.6566416,101,798,429,53.7593985,328,41.10275689,14,4,2,5,0,5,2,0,9,32,MODERATE,WEAK
91,"Karanja J. P. Pra. Shala ,khardipura ,kanraja ,kholi Kr. 2",BJP,45.87053571,411,896,617,68.86160714,206,22.99107143,4,7,4,0,3,5,40,4,6,67,MODERATE,WEAK
92,Karanja Z.P. PRIMARY SCHOOL,BJP,35.05674653,278,793,515,64.94325347,237,29.88650694,12,7,0,0,0,3,5,3,11,30,MODERATE,WEAK
93,Karanja Z.P. PRIMARY CENTRAL SCHOOL (BOYS),BJP,32.57142857,228,700,459,65.57142857,231,33,0,1,0,1,1,5,0,0,2,8,MODERATE,WEAK
94,Karanja J. P. Prath. Shala (mulichi )karanja Kholi Kran. 1,BJP,1.579586877,13,823,410,49.81773998,397,48.2381531,3,1,0,1,1,3,2,2,3,13,WEAK,WEAK
95,Karanja Kasturaba Vidyalay Karanja Khon. Kr. 2 Purv Kadil,BJP,21.42857143,81,378,227,60.05291005,146,38.62433862,0,0,0,1,0,2,0,1,1,4,MODERATE,WEAK
96,Karanja Kasturaba Vidyalay Karanja Khon. Kr. 3 Purv Kadil,BJP,8.73015873,33,378,196,51.85185185,163,43.12169312,3,5,0,0,0,5,3,0,3,16,MODERATE,WEAK
97,Karanja Kasturaba Vidyalay Karanja Khon. Kr. 4pashchime Ka,BJP,3.262411348,23,705,347,49.21985816,324,45.95744681,8,11,0,0,0,8,4,0,3,31,WEAK,WEAK
98,Karanja Panchayat Samitiche Sabhagruh,BJP,14.10891089,57,404,221,54.7029703,164,40.59405941,3,6,0,3,0,2,0,0,5,14,MODERATE,WEAK
99,Karanja Panchayat Samitiche Sabhagruh,BJP,16.82539683,53,315,179,56.82539683,126,40,2,4,1,1,0,2,0,0,0,10,MODERATE,WEAK
100,Karanja J. P. Prath. Shala Karanja Khairi (pu ),BJP,3.907380608,27,691,343,49.6382055,316,45.73082489,6,8,0,0,0,11,2,0,5,27,WEAK,WEAK
101,Karanja J. P. Prath. Shala Indira Nagar,INC,6.23885918,35,561,238,42.42424242,273,48.6631016,0,0,0,0,0,0,0,0,0,0,WEAK,WEAK
102,Karanja J. P. Prath. Shala Indira Nagar Karanja Kholi Kr.,BJP,5.219206681,25,479,244,50.9394572,219,45.72025052,4,6,0,0,1,5,0,0,0,16,MODERATE,WEAK
103,Chandevani,INC,4.06360424,23,566,250,44.16961131,273,48.23321555,8,6,0,8,1,10,4,1,5,38,WEAK,WEAK
104,Madni,BJP,5.029585799,17,338,169,50,152,44.9704142,4,7,0,1,1,2,1,0,1,16,MODERATE,WEAK
105,Selagaon (lavane),BJP,0.41322314,2,484,238,49.17355372,236,48.76033058,5,2,0,1,0,0,0,0,2,8,WEAK,WEAK
106,SELGAON (LAWANE),BJP,4.619565217,17,368,183,49.72826087,166,45.10869565,5,11,1,0,0,1,0,1,0,19,WEAK,WEAK
107,Jauravada (khu ),BJP,17.94871795,84,468,236,50.42735043,152,32.47863248,6,8,0,0,3,57,1,3,2,78,MODERATE,WEAK
108,Dharti,BJP,46.7094703,291,623,442,70.9470305,151,24.23756019,9,9,2,0,1,1,4,2,2,28,STRONG,WEAK
109,Bori,BJP,25.53846154,166,650,390,60,224,34.46153846,6,10,2,0,2,1,5,3,7,29,MODERATE,WEAK
110,Thanegaon J. P. Prath. Shala,INC,0.878293601,7,797,343,43.03638645,350,43.91468005,30,28,1,1,0,33,2,1,8,96,WEAK,WEAK
111,Thanegaon Grapanchayat Karyalay,BJP,23.05825243,95,412,238,57.76699029,143,34.70873786,6,8,0,0,0,13,2,1,1,30,MODERATE,WEAK
112,Thanegaon ANGANWADI CENTER,BJP,25.11210762,112,446,267,59.86547085,155,34.75336323,5,7,1,0,2,4,3,0,2,22,MODERATE,WEAK
113,Borgaon (dhole ),BJP,24.13273002,160,663,396,59.72850679,236,35.59577677,7,6,2,1,0,2,4,2,7,24,MODERATE,WEAK
114,Dhavadi (bu ),BJP,10.51051051,35,333,181,54.35435435,146,43.84384384,3,0,0,1,0,1,0,0,1,5,MODERATE,WEAK
115,Rajani,INC,5.056179775,27,534,237,44.38202247,264,49.43820225,4,9,0,0,0,15,0,1,4,29,WEAK,WEAK
116,Bodarathana,BJP,28.02469136,227,810,469,57.90123457,242,29.87654321,6,11,5,0,2,52,16,0,7,92,MODERATE,WEAK
117,Akarjun,BJP,0.371057514,2,539,269,49.90723562,267,49.53617811,0,1,0,0,0,1,0,0,1,2,WEAK,WEAK
118,SONEGAON (MUSTAFA),0,0,0,0,0,,0,,0,0,0,0,0,0,0,0,0,0,WEAK,WEAK
119,KINHALA,INC,14.61538462,76,520,205,39.42307692,281,54.03846154,11,3,0,1,0,11,2,0,6,28,WEAK,MODERATE
120,Jasapur (ki ),BJP,8.600337268,51,593,308,51.93929174,257,43.33895447,6,8,0,0,1,8,1,3,1,27,MODERATE,WEAK
121,Chistur,BJP,23.42342342,182,777,455,58.55855856,273,35.13513514,12,19,0,0,0,4,2,1,11,38,MODERATE,WEAK
122,Anadavadi,BJP,12.13333333,91,750,388,51.73333333,297,39.6,6,5,1,0,0,43,2,0,8,57,MODERATE,WEAK
123,Belora (khu ),BJP,0.468933177,4,853,411,48.18288394,407,47.71395076,13,13,1,2,1,1,3,0,1,34,WEAK,WEAK
124,Khadka,INC,6.100795756,23,377,154,40.84880637,177,46.94960212,15,10,0,0,0,0,15,1,5,41,WEAK,WEAK
125,Jalgaon J. P. Prath. Shala Jalaganv Kho. Kr. 1,BJP,18.20615797,136,747,436,58.36680054,300,40.16064257,6,1,0,0,1,1,0,2,0,11,MODERATE,WEAK
126,Jalgaon J. P. Prath. Shala Jalaganv Kho. Kr. 1 Navin Imara,INC,5.061349693,33,652,288,44.17177914,321,49.23312883,9,15,1,1,0,9,1,1,6,37,WEAK,WEAK
127,Jalgaon J. P. Prath. Shala Jalaganv (karyalay ),BJP,23.20954907,175,754,450,59.68169761,275,36.47214854,2,4,1,0,0,13,3,1,5,24,MODERATE,WEAK
128,Paratoda,INC,30.47619048,96,315,83,26.34920635,179,56.82539683,6,19,0,0,1,25,1,0,1,52,WEAK,MODERATE
129,Vardh J. P. Uchch Prath. Shala Vardh Kho. Kr. 1,INC,4.481132075,38,848,338,39.85849057,376,44.33962264,31,6,0,2,4,74,3,1,13,121,WEAK,WEAK
130,Maneri,INC,4.173106646,27,647,293,45.28593509,320,49.45904173,6,5,0,0,0,11,4,1,7,27,WEAK,WEAK
131,Vardh J. P. Uchch Prath. Shala Vardh Shale Magachi Kho.,BJP,9.815242494,85,866,441,50.92378753,356,41.10854503,14,7,3,3,3,30,2,1,6,63,MODERATE,WEAK
132,Mandala,INC,18.75,69,368,113,30.70652174,182,49.45652174,3,2,1,0,0,64,2,0,1,72,WEAK,WEAK
133,Malegaon (kali ),BJP,9.506398537,52,547,289,52.83363803,237,43.32723949,2,10,1,0,0,8,0,0,0,21,MODERATE,WEAK
134,Narasingapur,INC,2.352941176,10,425,189,44.47058824,199,46.82352941,1,1,0,0,0,22,4,0,9,28,WEAK,WEAK
135,Chichonli (pa),INC,14.84814398,132,889,349,39.2575928,481,54.10573678,7,35,1,1,0,12,0,1,2,57,WEAK,MODERATE
136,Selagaon (umate ),BJP,8.647450111,39,451,228,50.55432373,189,41.90687361,3,5,0,0,1,20,0,1,4,30,MODERATE,WEAK
137,Junapani,BJP,29.42386831,143,486,309,63.58024691,166,34.1563786,1,4,0,0,2,1,3,0,0,11,MODERATE,WEAK
138,BHALEWADI,BJP,5.23255814,18,344,176,51.1627907,158,45.93023256,1,5,1,1,0,0,1,1,0,10,MODERATE,WEAK
139,Gavandi Booth No1,BJP,0.761904762,4,525,267,50.85714286,263,50.0952381,2,8,0,0,2,6,2,1,1,21,MODERATE,MODERATE
140,Gavandi Booth No2,BJP,19.12878788,101,528,302,57.1969697,201,38.06818182,2,4,1,0,9,6,1,0,2,23,MODERATE,WEAK
141,"MORSHI , SARSI (UNHABITATED)",BJP,4.506437768,21,466,238,51.07296137,217,46.56652361,1,2,0,0,0,4,0,0,4,7,MODERATE,WEAK
142,KHARASKHANDA,BJP,35.59782609,131,368,235,63.85869565,104,28.26086957,7,11,3,0,1,1,2,1,3,26,MODERATE,WEAK
143,Savali (khu. ) Booth No1,INC,6.306306306,21,333,130,39.03903904,151,45.34534535,4,1,0,0,0,43,1,0,3,49,WEAK,WEAK
144,Savali (khu. ) Booth No2,BJP,1.63599182,8,489,230,47.03476483,222,45.39877301,3,7,1,0,0,13,4,2,7,30,WEAK,WEAK
145,Agargaon ,0,0,0,0,0,,0,,0,0,0,0,0,0,0,0,0,0,WEAK,WEAK
146,Kundi Booth No1,BJP,13.02681992,68,522,279,53.44827586,211,40.42145594,8,7,1,0,1,13,0,0,2,30,MODERATE,WEAK
147,Kundi Booth No2,INC,19.79591837,97,490,150,30.6122449,247,50.40816327,17,11,1,0,0,61,0,2,1,92,WEAK,MODERATE
148,Dhavasa (bu ),BJP,11.62162162,86,740,394,53.24324324,308,41.62162162,8,2,2,1,1,4,9,4,7,31,MODERATE,WEAK
149,Saval,BJP,20.82616179,121,581,283,48.7091222,162,27.88296041,1,5,51,3,0,62,3,4,7,129,WEAK,WEAK
150,Umari Booth No1,INC,10.84337349,45,415,178,42.89156627,223,53.73493976,2,2,0,0,0,1,4,0,5,9,WEAK,MODERATE
151,Umari Booth No2,INC,10.77981651,47,436,186,42.66055046,233,53.44036697,2,5,0,0,4,3,1,1,1,16,WEAK,MODERATE
152,Yengaon,BJP,26.66666667,152,570,354,62.10526316,202,35.43859649,5,4,0,0,0,1,0,2,2,12,MODERATE,WEAK
153,Pipari Booth No1,BJP,1.030927835,8,776,384,49.48453608,376,48.45360825,6,3,1,0,0,2,0,0,4,12,WEAK,WEAK
154,Garapit,BJP,10.02331002,43,429,178,41.49184149,135,31.46853147,2,7,0,1,0,100,0,1,5,111,WEAK,WEAK
155,Dhamakund,INC,6.302521008,15,238,89,37.39495798,104,43.69747899,1,2,0,0,0,36,1,0,5,40,WEAK,WEAK
156,Shirapur Booth No1,BJP,11.49425287,90,783,424,54.15070243,334,42.65644955,10,7,0,4,0,0,2,0,2,23,MODERATE,WEAK
157,Shirapur Booth No2,INC,6.74002751,49,727,307,42.22833563,356,48.96836314,41,12,1,0,0,1,2,1,6,58,WEAK,WEAK
158,Takarkheda,INC,6.605019815,50,757,316,41.74372523,366,48.34874505,46,15,3,0,0,1,0,3,7,68,WEAK,WEAK
159,Ladegaon,BJP,58.64197531,285,486,373,76.74897119,88,18.10699588,3,5,1,3,0,10,1,1,1,24,STRONG,WEAK
160,Nandapur Booth No1,INC,27.05167173,178,658,227,34.49848024,405,61.55015198,6,7,1,0,0,6,2,0,4,22,WEAK,MODERATE
161,Nandapur Booth No2,INC,16.96969697,84,495,158,31.91919192,242,48.88888889,42,23,0,0,10,1,6,1,12,83,WEAK,WEAK
162,Matoda Booth No1,BJP,4.772234273,22,461,192,41.64859002,170,36.87635575,25,60,0,1,1,4,3,0,5,94,WEAK,WEAK
163,Matoda Booth No2,BJP,20.61657033,107,519,277,53.37186898,170,32.75529865,14,47,1,0,4,2,1,2,1,71,MODERATE,WEAK
164,Pipala (pu ),BJP,43.63636364,216,495,333,67.27272727,117,23.63636364,15,15,0,0,0,11,2,0,2,43,MODERATE,WEAK
165,Arvi Kala Vanijy V Vijnan Mahavidyalay Arvi (dakshin Ka,BJP,2.163461538,9,416,206,49.51923077,197,47.35576923,4,3,1,0,0,1,1,0,3,10,WEAK,WEAK
166,Arvi Kala Vanijy V Vijnan Mahavidyalay Arvi Kholi Kr.2,BJP,11.62483487,88,757,401,52.97225892,313,41.34742404,17,14,0,3,0,4,0,0,5,38,MODERATE,WEAK
167,Arvi J. P. Mulinchi Shala (kholi Kr. 4 ),BJP,18.03921569,46,255,141,55.29411765,95,37.25490196,0,0,0,0,0,0,0,0,0,0,MODERATE,WEAK
168,Arvi J. P. Mulinchi Shala (kholi Kr. 5 ),BJP,21.19047619,89,420,243,57.85714286,154,36.66666667,5,6,0,1,0,2,3,0,6,17,MODERATE,WEAK
169,Arvi J. P. Mulinchi Shala (kholi Kr. 2 ),BJP,36.24823695,257,709,459,64.73906911,202,28.49083216,4,27,2,0,1,4,7,0,3,45,MODERATE,WEAK
170,Arvi J. P. Prath. (maji Shasakiy )uchch Madhy. (mulinch,BJP,15.53610503,71,457,242,52.95404814,171,37.41794311,19,15,0,0,0,1,2,1,6,38,MODERATE,WEAK
171,Arvi J. P. Prath. (maji Shasakiy )uchch Madhy. (mulinch,INC,5.348837209,23,430,190,44.18604651,213,49.53488372,2,6,0,3,1,5,5,1,4,23,WEAK,WEAK
172,Arvi Gandhi Vidayalaya arvi (rang Manch )purvekadil Bha,BJP,24.54361055,121,493,296,60.04056795,175,35.4969574,4,4,1,2,0,2,4,0,5,17,MODERATE,WEAK
173,Arvi Gandhi Vidayalaya arvi (rang Manch ) Pashchimkadil,BJP,20.85020243,103,494,289,58.50202429,186,37.65182186,1,1,0,0,1,1,8,1,6,13,MODERATE,WEAK
174,Arvi Gandhi Vidayalaya arvi pashchimekadil Bhag davikad,BJP,23.64217252,148,626,358,57.1884984,210,33.54632588,31,19,0,2,0,0,3,0,3,55,MODERATE,WEAK
175,Arvi Gandhi Vidayalaya arvi pashchimekadil Bhag ,BJP,15.60874089,150,961,525,54.63059313,375,39.02185224,10,21,2,0,1,7,13,0,7,54,MODERATE,WEAK
176,Arvi Shasakiy Tantr Madhyamik Shala Kendraarvi,BJP,10.30927835,60,582,288,49.48453608,228,39.17525773,7,26,1,2,0,9,16,0,5,61,WEAK,WEAK
177,Arvi Shasakiy Tantr Madhyamik Shala Aarvi Koli Kr. 2,BJP,1.302083333,5,384,176,45.83333333,171,44.53125,6,13,0,1,0,0,14,1,2,35,WEAK,WEAK
178,Arvi AMPS Convent School Near Ranilaxmibai Pra. School,BJP,2.090592334,18,861,419,48.66434379,401,46.57375145,6,6,0,0,0,4,17,1,7,34,WEAK,WEAK
179,Arvi AMPS Convent Janta Nagar,BJP,18.12796209,153,844,468,55.45023697,315,37.32227488,7,18,0,1,1,7,23,2,2,59,MODERATE,WEAK
180,Arvi Govt. S. T. Boys Hosta,BJP,3.436807095,31,902,422,46.78492239,391,43.3481153,17,12,2,2,0,4,43,1,8,81,WEAK,WEAK
181,Arvi J. P. Bandhakam Up. Vibhaag Karyalay Kho. Kr. 4 Ut,BJP,6.038647343,50,828,413,49.87922705,363,43.84057971,4,10,1,2,0,1,22,2,10,42,WEAK,WEAK
182,Arvi J. P. Bandhakam Up. Vibhaag Karyalay Kho. Kr. 8 Da,BJP,2.72572402,16,587,287,48.89267462,271,46.1669506,13,8,1,1,0,0,1,1,4,25,WEAK,WEAK
183,Arvi N. Pa. Hinndi Prathamik Shala Uttarekadil Bhag Kho,BJP,46.41255605,207,446,321,71.97309417,114,25.56053812,5,0,0,1,0,1,4,0,0,11,STRONG,WEAK
184,Arvi N. Pa. Hinndi Prathamik Shala Uttarekadil Bhag Kho,BJP,26.92307692,98,364,225,61.81318681,127,34.89010989,2,1,0,0,0,3,2,0,4,8,MODERATE,WEAK
185,Arvi N. Pa. Hindi Prathamik Shala (dakshinekadil Mag ),BJP,28.66941015,209,729,461,63.23731139,252,34.56790123,1,0,0,2,0,2,8,0,3,13,MODERATE,WEAK
186,Arvi J. P. Urdu Prathamik Mulinchi Shala,BJP,39.61661342,248,626,427,68.21086262,179,28.5942492,1,4,1,9,0,0,0,0,5,15,MODERATE,WEAK
187,Arvi J. Pa. Urdu Prathamik Mulinchi Shala,BJP,19.20529801,116,604,353,58.44370861,237,39.2384106,3,1,0,2,0,1,1,1,5,9,MODERATE,WEAK
188,Arvi Shriram Prathamik Shalaarvi,BJP,1.830065359,14,765,355,46.40522876,341,44.5751634,10,13,0,1,0,5,29,1,10,59,WEAK,WEAK
189,Arvi Shriram Prathamik Shala (purvekadil Bhag ),BJP,20.36082474,158,776,453,58.37628866,295,38.01546392,5,4,0,0,1,0,13,2,3,25,MODERATE,WEAK
190,Arvi Kannamvar Vidyalay,BJP,9.062821833,88,971,498,51.28733265,410,42.22451081,18,7,0,2,0,22,2,1,11,52,MODERATE,WEAK
191,Arvi Kannamvar Vidyalay,BJP,36.50075415,242,663,441,66.5158371,199,30.01508296,2,10,2,3,0,0,3,1,2,21,MODERATE,WEAK
192,Arvi Mayabai Prathamik Shalaarvi (purvekadil Bhag ),BJP,15.21197007,122,802,454,56.6084788,332,41.39650873,3,2,1,1,1,1,6,0,1,15,MODERATE,WEAK
193,Arvi N. Pa. Shivaji Prath shala uttarekadil Bhag ) Kho.,BJP,32.06997085,220,686,443,64.57725948,223,32.50728863,2,1,1,0,2,0,7,1,6,14,MODERATE,WEAK
194,Arvi N. Pa. Shivaji Prath shala (dakshine Kadil Bhag ),BJP,41.18387909,327,794,551,69.39546599,224,28.2115869,2,1,1,0,0,0,5,3,7,12,MODERATE,WEAK
195,Arvi Model High School,INC,3.786816269,27,713,329,46.1430575,356,49.92987377,10,4,0,0,0,0,7,0,7,21,WEAK,WEAK
196,Arvi Panchayat Samiti Bachat Bhawan,BJP,32.73480663,237,724,467,64.50276243,230,31.7679558,12,4,0,1,0,2,2,0,6,21,MODERATE,WEAK
197,Arvi Panchayat Samiti Karyalay Sabhagruh,BJP,10.78066914,58,538,288,53.53159851,230,42.75092937,5,11,0,1,0,0,1,1,1,19,MODERATE,WEAK
198,Arvi Panchayat Samiti Karyalay Sabhagruh,BJP,6.23556582,27,433,197,45.4965358,170,39.26096998,24,38,0,0,0,0,0,0,4,62,WEAK,WEAK
199,Savalapur,INC,3.403141361,13,382,135,35.34031414,148,38.7434555,52,29,1,3,1,5,5,0,3,96,WEAK,WEAK
200,Chicholi (dan ),BJP,21.73295455,153,704,396,56.25,243,34.51704545,17,4,0,3,8,28,1,0,4,61,MODERATE,WEAK
201,Pachod Booth No1,BJP,2.58302583,21,813,410,50.43050431,389,47.84747847,1,2,0,2,0,2,3,1,3,11,MODERATE,WEAK
202,Hivara ,INC,20.65934066,94,455,162,35.6043956,256,56.26373626,3,0,0,1,0,32,0,0,1,36,WEAK,MODERATE
203,Hivara Tanda,INC,18.27160494,74,405,160,39.50617284,234,57.77777778,3,4,0,1,0,2,1,0,0,11,WEAK,MODERATE
204,Belhara,BJP,12.67828843,80,631,342,54.19968304,262,41.52139461,2,1,0,0,0,15,3,1,5,22,MODERATE,WEAK
205,Ajanadoh,INC,5.765407555,29,503,215,42.74353877,244,48.50894632,5,7,1,1,0,21,2,1,6,38,WEAK,WEAK
206,Kannamavaragram,BJP,5.585106383,42,752,368,48.93617021,326,43.35106383,3,3,2,1,0,40,2,1,6,52,WEAK,WEAK
207,"KANNAMWARGRAM (HETI) , NANDORA",BJP,16.52719665,79,478,267,55.85774059,188,39.33054393,4,2,1,0,0,9,2,2,3,20,MODERATE,WEAK
208,Kajali,BJP,8.575803982,56,653,343,52.52679939,287,43.95099541,6,4,1,1,0,4,0,4,3,20,MODERATE,WEAK
209,JOGA,BJP,10.03460208,29,289,131,45.32871972,102,35.29411765,6,2,1,1,3,39,1,2,1,55,WEAK,WEAK
210,Nagazari,BJP,26.47058824,117,442,266,60.18099548,149,33.71040724,7,4,1,0,0,9,3,1,2,25,MODERATE,WEAK
211,Rahati,INC,12.88014311,72,559,210,37.56708408,282,50.44722719,0,2,0,2,0,59,1,1,2,65,WEAK,MODERATE
212,Bangadapur,BJP,15.58139535,67,430,206,47.90697674,139,32.3255814,3,5,2,0,2,62,7,1,3,82,WEAK,WEAK
213,Dhaga,INC,5.813953488,10,172,34,19.76744186,44,25.58139535,0,1,0,2,0,87,3,0,1,93,WEAK,WEAK
214,Bramhanavada,INC,11.96428571,67,560,201,35.89285714,268,47.85714286,7,11,1,1,0,51,8,0,12,79,WEAK,WEAK
215,Chopan,INC,5.263157895,24,456,170,37.28070175,194,42.54385965,5,8,3,0,0,72,1,1,2,90,WEAK,WEAK
216,PANJARA (GONDI),INC,1.268498943,6,473,198,41.86046512,204,43.12896406,3,3,0,0,1,61,0,1,2,69,WEAK,WEAK
217,Vadhona Booth No1,BJP,3.181818182,21,660,328,49.6969697,307,46.51515152,5,4,2,0,1,0,2,0,11,14,WEAK,WEAK
218,Vadhona Booth No2,INC,13.35616438,78,584,247,42.29452055,325,55.65068493,4,0,0,2,0,3,0,0,3,9,WEAK,MODERATE
219,Vadhona Booth No3,BJP,24.15254237,171,708,425,60.02824859,254,35.87570621,9,9,1,2,0,2,2,0,4,25,MODERATE,WEAK
220,Bedhona,INC,0.403225806,3,744,324,43.5483871,327,43.9516129,9,3,0,3,2,60,6,1,9,84,WEAK,WEAK
221,Bajaravada,INC,5.544554455,28,505,194,38.41584158,222,43.96039604,27,36,1,0,0,0,20,1,3,85,WEAK,WEAK
222,Pachegaon,INC,25.14619883,129,513,160,31.18908382,289,56.33528265,5,24,0,0,1,30,0,0,4,60,WEAK,MODERATE
223,Khubagaon Booth No1,INC,7.624113475,43,564,218,38.65248227,261,46.27659574,54,16,0,1,0,5,2,1,5,79,WEAK,WEAK
224,Khubagaon Booth No2,INC,1.919720768,11,573,272,47.46945899,283,49.38917976,11,3,1,0,0,3,0,0,1,18,WEAK,WEAK
225,Rajapur,BJP,7.715133531,26,337,178,52.8189911,152,45.10385757,1,4,0,0,1,0,0,0,1,6,MODERATE,WEAK
226,Karmabad,BJP,15.2866242,48,314,155,49.36305732,107,34.07643312,30,3,0,0,0,16,0,0,2,49,WEAK,WEAK
227,Ithalapur,INC,3.550295858,18,507,239,47.14003945,257,50.69033531,1,2,1,0,1,0,0,4,3,9,WEAK,MODERATE
228,Deuravada Booth No1,INC,7.350689127,48,653,293,44.86983155,341,52.22052067,5,1,0,0,0,5,0,1,6,12,WEAK,MODERATE
229,Deuravada Booth No2,INC,5.095541401,32,628,269,42.8343949,301,47.92993631,4,8,1,4,1,0,37,1,3,56,WEAK,WEAK
230,Ahiravada,BJP,8.428246014,37,439,224,51.02505695,187,42.59681093,3,1,0,1,0,13,4,1,5,18,MODERATE,WEAK
231,Sarkasapur,INC,17.51824818,72,411,166,40.3892944,238,57.90754258,2,4,0,0,0,0,0,0,1,6,WEAK,MODERATE
232,Vathoda Booth No1,INC,10.38406828,73,703,281,39.9715505,354,50.35561878,3,51,0,1,2,1,2,4,3,64,WEAK,MODERATE
233,Vathoda Booth No2,INC,6.361607143,57,896,390,43.52678571,447,49.88839286,15,18,1,2,0,1,4,11,8,52,WEAK,WEAK
234,Vathoda Booth No3,BJP,12.42105263,59,475,260,54.73684211,201,42.31578947,3,2,0,2,0,0,2,0,5,9,MODERATE,WEAK
235,Dahegaon (mu ) Booth No1,BJP,6.962785114,58,833,432,51.8607443,374,44.89795918,9,12,0,1,0,1,1,0,3,24,MODERATE,WEAK
236,Dahegaon (mu ) Booth No2,BJP,17.63727121,106,601,340,56.57237937,234,38.93510815,6,11,0,3,0,0,0,2,5,22,MODERATE,WEAK
237,Pipanlakhuta Booth No1,BJP,5.357142857,27,504,251,49.8015873,224,44.44444444,2,9,0,2,10,5,0,0,1,28,WEAK,WEAK
238,Pipanlakhuta Booth No2,BJP,11.93693694,53,444,216,48.64864865,163,36.71171171,5,34,1,0,3,16,1,1,4,61,WEAK,WEAK
239,Danapur,BJP,8.142857143,57,700,320,45.71428571,263,37.57142857,4,43,0,4,1,53,2,0,10,107,WEAK,WEAK
240,Khairavada,INC,1.01010101,3,297,111,37.37373737,114,38.38383838,5,7,0,1,0,59,0,0,0,72,WEAK,WEAK
241,Masod,BJP,15.73208723,101,642,306,47.6635514,205,31.93146417,25,7,0,1,1,88,2,1,6,125,WEAK,WEAK
242,Ladagad,BJP,26.61290323,99,372,188,50.53763441,89,23.92473118,3,1,2,1,1,83,2,0,2,93,MODERATE,WEAK
243,"SINDIVIHIRI , BUDHALAGAD",BJP,20.3539823,115,565,236,41.7699115,121,21.4159292,2,4,0,1,2,187,9,0,3,205,WEAK,WEAK
244,"SINDIVIHIRI , AMBHORA",BJP,25.2559727,74,293,138,47.09897611,64,21.84300341,1,4,0,1,2,76,0,3,4,87,WEAK,WEAK
245,DHANOLI,INC,7.883211679,54,685,264,38.54014599,318,46.42335766,4,6,0,0,0,82,4,1,6,97,WEAK,WEAK
246,Metahiraji,BJP,8.541666667,41,480,227,47.29166667,186,38.75,4,11,3,1,1,44,1,0,2,65,WEAK,WEAK
247,Maragasur,BJP,16.11111111,58,360,140,38.88888889,82,22.77777778,5,3,4,1,3,118,0,2,2,136,WEAK,WEAK
248,Susudan,INC,7.843137255,32,408,147,36.02941176,179,43.87254902,4,18,1,1,0,45,1,0,12,70,WEAK,WEAK
249,Saheli,BJP,33.66935484,167,496,256,51.61290323,89,17.94354839,13,6,2,1,1,122,1,0,5,146,MODERATE,WEAK
250,Bothali (ki ) Booth No1,INC,2.047244094,13,635,290,45.66929134,303,47.71653543,3,12,1,1,1,3,0,1,20,22,WEAK,WEAK
251,Bothali (ki ) Booth No2,BJP,2.583979328,10,387,193,49.87080103,183,47.28682171,1,0,2,0,1,1,0,2,4,7,WEAK,WEAK
252,Kinhala (bo ),BJP,16.61129568,50,301,149,49.50166113,99,32.89036545,0,1,1,0,0,43,1,0,7,46,WEAK,WEAK
253,Taroda Booth No2,BJP,12.55924171,53,422,231,54.73933649,178,42.18009479,1,5,0,0,2,1,1,0,3,10,MODERATE,WEAK
254,Gumgaon,INC,23.67346939,116,490,180,36.73469388,296,60.40816327,2,0,0,1,1,4,1,0,5,9,WEAK,MODERATE
255,Kavadi,BJP,14.04805915,76,541,299,55.26802218,223,41.21996303,2,3,0,0,0,11,1,0,2,17,MODERATE,WEAK
256,Pipari Booth No2,INC,24.53531599,66,269,97,36.05947955,163,60.59479554,1,2,0,0,0,1,2,0,3,6,WEAK,MODERATE
257,Pipari Booth No3,INC,18.81533101,54,287,112,39.02439024,166,57.83972125,1,1,1,1,0,1,1,0,3,6,WEAK,MODERATE
258,Neri (mirzapur),BJP,16.66666667,31,186,97,52.15053763,66,35.48387097,10,9,0,0,0,0,3,0,1,22,MODERATE,WEAK
259,Mirzapur,BJP,30.48128342,57,187,120,64.17112299,63,33.68983957,1,0,0,1,0,1,1,0,0,4,MODERATE,WEAK
260,Nimboli,BJP,17.65625,113,640,358,55.9375,245,38.28125,4,3,0,0,2,21,3,1,3,34,MODERATE,WEAK
261,Vadhona (thakare ),BJP,3.50877193,6,171,82,47.95321637,76,44.44444444,3,5,1,0,0,0,4,0,0,13,WEAK,WEAK
262,Antaradoh,INC,31.28654971,107,342,108,31.57894737,215,62.86549708,1,11,0,0,0,0,3,0,4,15,WEAK,MODERATE
263,Borgaon (hatala),BJP,12.87758347,81,629,317,50.39745628,236,37.51987281,0,0,0,0,0,0,0,0,0,0,MODERATE,WEAK
264,Dhanodi (baha. ) Booth No1,BJP,7.623888183,60,787,342,43.45616264,282,35.83227446,14,5,0,0,1,52,4,3,84,79,WEAK,WEAK
265,Dhanodi (baha. ) Booth No2,INC,4.13354531,26,629,238,37.83783784,264,41.97138315,12,7,0,1,1,13,2,5,86,41,WEAK,WEAK
266,Savangi,INC,6.267806268,22,351,151,43.01994302,173,49.28774929,5,2,0,0,0,15,0,0,5,22,WEAK,WEAK
267,Bothali (panjara) Booth No1,BJP,0.197628458,1,506,226,44.66403162,225,44.46640316,5,8,0,0,1,33,3,1,4,51,WEAK,WEAK
268,Bothali (panjara) Booth No 2,BJP,17.03853955,84,493,273,55.37525355,189,38.336714,5,3,0,1,0,16,2,3,1,30,MODERATE,WEAK
269,Talegaon (r ),BJP,4.508196721,22,488,236,48.36065574,214,43.85245902,6,14,0,0,0,15,0,1,2,36,WEAK,WEAK
270,Kachanur Booth No1,BJP,23.903177,158,661,386,58.39636914,228,34.49319213,3,4,0,3,1,29,2,1,4,43,MODERATE,WEAK
271,Kachanur Booth No2,BJP,6.560636183,33,503,199,39.56262425,166,33.00198807,28,49,0,1,2,49,2,0,7,131,WEAK,WEAK
272,Dahegaon (go ) Booth No1,BJP,23.37883959,137,586,327,55.80204778,190,32.42320819,30,7,0,1,0,27,1,1,2,67,MODERATE,WEAK
273,Dahegaon (go ) Booth No2,BJP,8.788598575,37,421,179,42.51781473,142,33.72921615,3,5,0,0,1,85,0,2,4,96,WEAK,WEAK
274,Malegaon (theka),BJP,11.01243339,62,563,291,51.68738899,229,40.6749556,5,7,0,1,0,19,5,2,4,39,MODERATE,WEAK
275,Borgaon (gondi),BJP,32.30769231,147,455,261,57.36263736,114,25.05494505,1,3,1,0,2,66,2,1,4,76,MODERATE,WEAK
276,Kharangana Booth No1,BJP,8.860759494,49,553,255,46.11211573,206,37.25135624,3,4,0,0,0,84,0,0,1,91,WEAK,WEAK
277,Kharangana Booth No2,INC,5.197132616,29,558,195,34.94623656,224,40.14336918,0,1,0,3,1,126,5,1,2,137,WEAK,WEAK
278,Morangana 1,BJP,2.564102564,17,663,286,43.1372549,269,40.57315234,4,5,0,1,0,89,3,2,4,104,WEAK,WEAK
279,Morangana 2,BJP,10.32258065,48,465,202,43.44086022,154,33.11827957,1,1,0,1,1,94,5,2,4,105,WEAK,WEAK
280,Morangana 3,BJP,3.64806867,17,466,210,45.06437768,193,41.41630901,3,1,0,1,2,45,0,2,8,54,WEAK,WEAK
281,Panavadi,BJP,6.392694064,42,657,273,41.55251142,231,35.15981735,10,2,1,2,2,111,19,0,6,147,WEAK,WEAK
282,Bhadod,INC,2.227722772,18,808,318,39.35643564,336,41.58415842,3,1,1,0,2,138,4,0,6,149,WEAK,WEAK
283,Dighi,BJP,7.165109034,46,642,303,47.19626168,257,40.03115265,0,8,0,4,0,33,34,1,1,80,WEAK,WEAK
284,Vadgaon,BJP,30.67484663,100,326,209,64.11042945,109,33.43558282,2,5,1,0,0,0,0,0,0,8,MODERATE,WEAK
285,Nagapur,BJP,22.50922509,122,542,319,58.85608856,197,36.34686347,5,12,1,1,0,6,0,0,2,25,MODERATE,WEAK
286,Bodad,INC,16.23931624,76,468,190,40.5982906,266,56.83760684,2,3,0,0,0,7,0,0,0,12,WEAK,MODERATE
287,Rohana Booth No1,BJP,12.36702128,93,752,415,55.18617021,322,42.81914894,3,5,0,0,0,2,1,1,3,12,MODERATE,WEAK
288,Rohana Booth No2,INC,6.415620642,46,717,266,37.09902371,312,43.51464435,19,39,0,4,0,57,11,0,6,130,WEAK,WEAK
289,Rohana Booth No3,INC,3.911564626,23,588,273,46.42857143,296,50.34013605,4,6,3,0,0,1,2,0,5,16,WEAK,MODERATE
290,Saladara,INC,6.840390879,42,614,248,40.39087948,290,47.23127036,6,1,1,1,2,53,2,3,7,69,WEAK,WEAK
291,Natala,INC,27.68240343,129,466,138,29.61373391,267,57.29613734,14,21,0,0,0,23,1,0,2,59,WEAK,MODERATE
292,Bothali (natala),BJP,4.392764858,17,387,188,48.57881137,171,44.18604651,1,0,0,1,0,17,0,2,7,21,WEAK,WEAK
293,Kasarakheda,BJP,3.633916555,27,743,370,49.79811575,343,46.16419919,7,10,0,1,1,7,0,1,3,27,WEAK,WEAK
294,Savad,BJP,28.08641975,91,324,180,55.55555556,89,27.4691358,5,6,0,1,0,37,0,1,5,50,MODERATE,WEAK
295,Madna,INC,3.262092238,29,889,415,46.68166479,444,49.94375703,5,4,0,0,0,13,1,1,6,24,WEAK,WEAK
296,Salafal,INC,15.60693642,108,692,272,39.30635838,380,54.9132948,10,18,0,1,0,0,1,1,9,31,WEAK,MODERATE
297,Pimpalgaon (sayakheda ),INC,27.46987952,228,830,272,32.77108434,500,60.24096386,0,0,0,0,0,0,0,0,0,0,WEAK,MODERATE
298,Virul J. P. Prath. Kendra Shala,BJP,22.58064516,175,775,447,57.67741935,272,35.09677419,1,4,0,1,3,32,5,3,7,49,MODERATE,WEAK
299,Virul Gram sachivalay,BJP,0.761904762,4,525,232,44.19047619,228,43.42857143,9,21,0,0,1,31,0,1,2,63,WEAK,WEAK
300,Virul J. P. Prath. Kanya Shala,BJP,4.497354497,34,756,342,45.23809524,308,40.74074074,12,50,0,1,1,18,20,1,3,103,WEAK,WEAK
301,Husenapur,INC,6.636500754,44,663,254,38.3107089,298,44.94720965,5,3,0,1,0,98,0,0,4,107,WEAK,WEAK
302,Vai,BJP,5.660377358,24,424,210,49.52830189,186,43.86792453,9,4,0,0,3,10,0,1,1,27,WEAK,WEAK
303,Pachod Booth No2,INC,14.47368421,99,684,199,29.09356725,298,43.56725146,5,46,1,6,0,124,2,1,2,185,WEAK,WEAK
304,Parasodi Booth No2,INC,5.829596413,39,669,280,41.85351271,319,47.68310912,1,4,2,1,1,52,1,0,8,62,WEAK,WEAK
305,Pipanlaganv,BJP,11.43583227,90,787,364,46.25158831,274,34.81575604,4,7,0,2,4,104,15,2,11,138,WEAK,WEAK
306,Rasulabad J. P.  Prath.  Shala,INC,0.869565217,7,805,361,44.8447205,368,45.71428571,7,10,0,1,3,42,5,2,6,70,WEAK,WEAK
307,Rasulabad Gramapanchayat Karyalay,INC,7.815631263,39,499,184,36.87374749,223,44.68937876,6,28,1,1,1,49,4,1,1,91,WEAK,WEAK
308,Rasulabad Aganvadi Kendra G.P.,BJP,3.885480573,19,489,240,49.0797546,221,45.19427403,1,7,0,0,0,9,5,0,6,22,WEAK,WEAK
309,Rasulabad J. P. Uchch Prath. Shala,INC,13.36696091,106,793,313,39.4703657,419,52.83732661,9,14,2,1,0,27,2,0,6,55,WEAK,MODERATE
310,Sorata J. P. Ucch Prath. Kendra Shala,INC,40.12096774,199,496,130,26.20967742,329,66.33064516,14,14,0,1,1,0,4,3,0,37,WEAK,MODERATE
311,Sorata Samaj Mandeer,BJP,8.285163776,43,519,273,52.60115607,230,44.31599229,6,1,0,0,1,5,0,0,3,13,MODERATE,WEAK
